Workbook
Name Slicer_Age_Group: #N/A
Name Slicer_Age_Group1: #N/A
Name Slicer_Gender: #N/A
Name Slicer_Gender1: #N/A

Sheet Overview
A1: Section | B1: Description
A2: Purpose | B2: This workbook analyses synthetic laboratory results for 28 fictional patients, supplied as part of a data-analysis course. It contains no real patient data. It tries to answer the following four questions: 1-How do LDL levels compare by gender and age, within this sample of patients in the study? Who is most frequently above 130 mg/dL? 2-How do low hemoglobin levels differ by gender and age, within this sample of patients in the study? Who are most often below 11 g/dL (as a potential indicator of anemia)? 3-How do patients with ALT above 56 U/L compare with the remaining patients in age and gender composition? 4-Among patients with LDL (“bad cholesterol”) above 130 mg/dL, what proportion also have HDL (“good cholesterol”) below 40 mg/dL? How does this compare with patients whose LDL is within the supplied range?
A3: Sample | B3: The population sample of this analysis is 28 patients who have been tested for 13 values. This amounts to 364 results for all. The age of participants ranges between 25 and 74, with a median age of 50. Given the size of the sample, the best possibility to obtain equally sized group was to split patiens into two age groups <50 and 50+, with 14 patients each. Furthermore, there is an equal distribution of female and male patients, 14 for each.
A4: How to use | B4: The sheet "Sample" shows the calculations and distribution of the population sample for this study. "Main measures" contain 4 pivot tables addressing the 4 main questions of this project. Related to this "Charts" provide the visuals for the first three questions. Both "Main measures" and "Charts" have gender and age slicers which filter the connected tables and charts. Clear both to see the full sample. "Patient results" shows the main source of analysis and classifies each observation against supplied reference intervals on "dim_reference_intervals". "Patient Checker" allows to test the results of new patients and "dim_patients" show all the fictional patient demographic and contact details.
A5: Limitations | B5: The sample size is very small, so results should be interpreted only as exploratory. The gender composition is unequal within age groups; there are more younger women than men; and conversely, more older men than women, which has also an effect on the results of measures which act as proxies for certain conditions. The supplied thresholds on dim_reference_intervals, have provided the basis for evaluating the results; however, the HDL upper limit is still unresolved.
A6: Main observations | B6: · High LDL: 42.9% of patients (12/28) had high LDL. The proportion was higher in the 50+ group (78.6%) than in the under-50 group (7.1%). · Low haemoglobin: 17.9% of patients (5/28) had low haemoglobin. All five were women. · High ALT: 14.3% of patients (4/28) had high ALT. All four were aged 50+. · LDL–HDL: 58.3% of patients with high LDL (7/12) also had low HDL, compared with none of the 16 patients with within-range LDL. NB: These findings describe the synthetic course dataset and use the supplied exercise thresholds. They cannot be generalised to real patient populations.
A7: Patient checker | B7: The “Patient Checker” sheet allows users to enter results for one patient and immediately compare them with the supplied reference intervals. Enter values in the highlighted input cells, using the units shown. Each result is labelled Low, Within range or High. For HDL, only Low or Not low is reported because its upper reference limit remains unresolved. The checker is a demonstration tool for this project, not a diagnostic tool. Entered values do not update the study dataset, PivotTables or charts. Clear the input cells before checking another patient.

Sheet Sample
A3: Row Labels | B3: Patient Count | D3: Patient Count | E3: Gender
A4: F | B4: 14 | D4: Row Labels | E4: F | F4: M | G4: Grand Total
A5: M | B5: 14 | D5: <50 | E5: 9 | F5: 5 | G5: 14
A6: Grand Total | B6: 28 | D6: 50+ | E6: 5 | F6: 9 | G6: 14
D7: Grand Total | E7: 14 | F7: 14 | G7: 28
A9: Row Labels | B9: Patient Count | D9: Patient Count | E9: Gender
A10: 25 | B10: 1 | D10: Row Labels | E10: F | F10: M | G10: Grand Total
A11: 27 | B11: 1 | D11: 20–29 | E11: 2 | F11: 1 | G11: 3
A12: 29 | B12: 1 | D12: 30–39 | E12: 4 | F12: 1 | G12: 5
A13: 31 | B13: 1 | D13: 40–49 | E13: 3 | F13: 3 | G13: 6
A14: 33 | B14: 1 | D14: 50–59 | E14: 2 | F14: 3 | G14: 5
A15: 36 | B15: 1 | D15: 60–69 | E15: 1 | F15: 5 | G15: 6
A16: 38 | B16: 1 | D16: 70–79 | E16: 2 | F16: 1 | G16: 3
A17: 39 | B17: 1 | D17: Grand Total | E17: 14 | F17: 14 | G17: 28
A18: 42 | B18: 1
A19: 44 | B19: 1
A20: 45 | B20: 1 | D20: Row Labels | E20: Tested patients
A21: 47 | B21: 1 | D21: F
A22: 48 | B22: 1 | D22: <50 | E22: 9
A23: 49 | B23: 1 | D23: 50+ | E23: 5
A24: 51 | B24: 1 | D24: M
A25: 53 | B25: 1 | D25: <50 | E25: 5
A26: 55 | B26: 1 | D26: 50+ | E26: 9
A27: 58 | B27: 2 | D27: Grand Total | E27: 28
A28: 60 | B28: 1
A29: 61 | B29: 1 | D29: Patient Count | E29: Values analysed
A30: 62 | B30: 1 | D30: 28 | E30: 364
A31: 63 | B31: 1
A32: 65 | B32: 1
A33: 67 | B33: 1
A34: 70 | B34: 1
A35: 72 | B35: 1
A36: 74 | B36: 1
A37: Grand Total | B37: 28

Sheet Main measures
B3: Age
B4: <50 | E4: 50+
A5: Row Labels | B5: Tested Patients | C5: High LDL Patients | D5: High LDL Percentage | E5: Tested Patients | F5: High LDL Patients | G5: High LDL Percentage
A6: F | B6: 9 | C6: 0 | D6: 0 | E6: 5 | F6: 4 | G6: 0.8
A7: M | B7: 5 | C7: 1 | D7: 0.2 | E7: 9 | F7: 7 | G7: 0.77777778
A8: Grand Total | B8: 14 | C8: 1 | D8: 0.071428571 | E8: 14 | F8: 11 | G8: 0.78571429
B11: Age
B12: <50 | E12: 50+
A13: Row Labels | B13: Tested Patients | C13: Low Haemoglobin Patients | D13: Low Haemoglobin Percentage | E13: Tested Patients | F13: Low Haemoglobin Patients | G13: Low Haemoglobin Percentage
A14: F | B14: 9 | C14: 2 | D14: 0.22222222 | E14: 5 | F14: 3 | G14: 0.6
A15: M | B15: 5 | C15: 0 | D15: 0 | E15: 9 | F15: 0 | G15: 0
A16: Grand Total | B16: 14 | C16: 2 | D16: 0.14285714 | E16: 14 | F16: 3 | G16: 0.21428571
B19: Age
B20: <50 | E20: 50+
A21: Row Labels | B21: Tested Patients | C21: High ALT Patients | D21: High ALT % | E21: Tested Patients | F21: High ALT Patients | G21: High ALT %
A22: F | B22: 9 | C22: 0 | D22: 0 | E22: 5 | F22: 1 | G22: 0.2
A23: M | B23: 5 | C23: 0 | D23: 0 | E23: 9 | F23: 3 | G23: 0.33333333
A24: Grand Total | B24: 14 | C24: 0 | D24: 0 | E24: 14 | F24: 4 | G24: 0.28571429
A28: Row Labels | B28: Patients with both tests | C28: Patients with Low HDL | D28: Low HDL %
A29: High LDL | B29: 12 | C29: 7 | D29: 0.58333333
A30: Within-range LDL | B30: 16 | C30: 0 | D30: 0
A31: Grand Total | B31: 28 | C31: 7 | D31: 0.25

Sheet Charts
A3: High LDL by gender and age group | B3: Column Labels
A4: Row Labels | B4: <50 | C4: 50+ | D4: Grand Total
A5: F | B5: 0 | C5: 0.8 | D5: 0.28571429
A6: M | B6: 0.2 | C6: 0.77777778 | D6: 0.57142857
A7: Grand Total | B7: 0.071428571 | C7: 0.78571429 | D7: 0.42857143
A12: Low Haemoglobin Percentage | B12: Column Labels
A13: Row Labels | B13: <50 | C13: 50+ | D13: Grand Total
A14: F | B14: 0.22222222 | C14: 0.6 | D14: 0.35714286
A15: M | B15: 0 | C15: 0 | D15: 0
A16: Grand Total | B16: 0.14285714 | C16: 0.21428571 | D16: 0.17857143
A19: High ALT % | B19: Column Labels
A20: Row Labels | B20: <50 | C20: 50+ | D20: Grand Total
A21: F | B21: 0 | C21: 0.2 | D21: 0.071428571
A22: M | B22: 0 | C22: 0.33333333 | D22: 0.21428571
A23: Grand Total | B23: 0 | C23: 0.28571429 | D23: 0.14285714

Sheet Patient results
A1: Patient_ID | B1: Metric | C1: Value | D1: Result_Status
A2: P001 | B2: WBC | C2: 6.2 | D2: Within range
A3: P001 | B3: RBC | C3: 4.5 | D3: Within range
A4: P001 | B4: Hemoglobin | C4: 13.2 | D4: Within range
A5: P001 | B5: Hematocrit | C5: 39.5 | D5: Within range
A6: P001 | B6: Platelets | C6: 250 | D6: Within range
A7: P001 | B7: Glucose | C7: 95 | D7: Within range
A8: P001 | B8: Creatinine | C8: 0.9 | D8: Within range
A9: P001 | B9: ALT | C9: 22 | D9: Within range
A10: P001 | B10: AST | C10: 20 | D10: Within range
A11: P001 | B11: Total_Cholesterol | C11: 185 | D11: Within range
A12: P001 | B12: LDL | C12: 108 | D12: Within range
A13: P001 | B13: HDL | C13: 55 | D13: Not low
... A365: P028 | B365: Triglycerides | C365: 198 | D365: High

Sheet Patient Checker
A1: Enter results only in the blue cells, using the units shown. Assessments use the supplied exercise reference intervals. HDL has no confirmed upper limit. This checker does not diagnose conditions or add patients to the study dataset. Clear the blue cells before checking another patient.
A3: Test | B3: Unit | C3: Enter result | D3: Lower limit | E3: Upper limit | F3: Assessment
A4: =dim_reference_intervals!A2 -> WBC | B4: =dim_reference_intervals!B2 -> 10³/µL | D4: =IF(dim_reference_intervals!D2="","",dim_reference_intervals!D2) -> 4 | E4: =IF(dim_reference_intervals!E2="","",dim_reference_intervals!E2) -> 10 | F4: =IF(C4="","Enter result", IF(NOT(ISNUMBER(C4)),"Check input", IF(C4<0,"Check input", IF(D4="","Check reference", IF(A4="HDL", IF(C4<D4,"Low","Not low"), IF(E4="","Check reference", IF(D4>E4,"Check reference", IF(C4<D4,"Low", IF(C4>E4,"High","Within range") ) ) ) ) ) ) ) ) -> Enter result
A5: =dim_reference_intervals!A3 -> RBC | B5: =dim_reference_intervals!B3 -> 10⁶/µL | D5: =IF(dim_reference_intervals!D3="","",dim_reference_intervals!D3) -> 3.8 | E5: =IF(dim_reference_intervals!E3="","",dim_reference_intervals!E3) -> 5.8 | F5: =IF(C5="","Enter result", IF(NOT(ISNUMBER(C5)),"Check input", IF(C5<0,"Check input", IF(D5="","Check reference", IF(A5="HDL", IF(C5<D5,"Low","Not low"), IF(E5="","Check reference", IF(D5>E5,"Check reference", IF(C5<D5,"Low", IF(C5>E5,"High","Within range") ) ) ) ) ) ) ) ) -> Enter result
A6: =dim_reference_intervals!A4 -> Hemoglobin | B6: =dim_reference_intervals!B4 -> g/dL | D6: =IF(dim_reference_intervals!D4="","",dim_reference_intervals!D4) -> 11 | E6: =IF(dim_reference_intervals!E4="","",dim_reference_intervals!E4) -> 17.5 | F6: =IF(C6="","Enter result", IF(NOT(ISNUMBER(C6)),"Check input", IF(C6<0,"Check input", IF(D6="","Check reference", IF(A6="HDL", IF(C6<D6,"Low","Not low"), IF(E6="","Check reference", IF(D6>E6,"Check reference", IF(C6<D6,"Low", IF(C6>E6,"High","Within range") ) ) ) ) ) ) ) ) -> Enter result
A7: =dim_reference_intervals!A5 -> Hematocrit | B7: =dim_reference_intervals!B5 -> % | D7: =IF(dim_reference_intervals!D5="","",dim_reference_intervals!D5) -> 33 | E7: =IF(dim_reference_intervals!E5="","",dim_reference_intervals!E5) -> 52 | F7: =IF(C7="","Enter result", IF(NOT(ISNUMBER(C7)),"Check input", IF(C7<0,"Check input", IF(D7="","Check reference", IF(A7="HDL", IF(C7<D7,"Low","Not low"), IF(E7="","Check reference", IF(D7>E7,"Check reference", IF(C7<D7,"Low", IF(C7>E7,"High","Within range") ) ) ) ) ) ) ) ) -> Enter result
A8: =dim_reference_intervals!A6 -> Platelets | B8: =dim_reference_intervals!B6 -> 10³/µL | D8: =IF(dim_reference_intervals!D6="","",dim_reference_intervals!D6) -> 150 | E8: =IF(dim_reference_intervals!E6="","",dim_reference_intervals!E6) -> 400 | F8: =IF(C8="","Enter result", IF(NOT(ISNUMBER(C8)),"Check input", IF(C8<0,"Check input", IF(D8="","Check reference", IF(A8="HDL", IF(C8<D8,"Low","Not low"), IF(E8="","Check reference", IF(D8>E8,"Check reference", IF(C8<D8,"Low", IF(C8>E8,"High","Within range") ) ) ) ) ) ) ) ) -> Enter result
A9: =dim_reference_intervals!A7 -> Glucose | B9: =dim_reference_intervals!B7 -> mg/dL | D9: =IF(dim_reference_intervals!D7="","",dim_reference_intervals!D7) -> 70 | E9: =IF(dim_reference_intervals!E7="","",dim_reference_intervals!E7) -> 99 | F9: =IF(C9="","Enter result", IF(NOT(ISNUMBER(C9)),"Check input", IF(C9<0,"Check input", IF(D9="","Check reference", IF(A9="HDL", IF(C9<D9,"Low","Not low"), IF(E9="","Check reference", IF(D9>E9,"Check reference", IF(C9<D9,"Low", IF(C9>E9,"High","Within range") ) ) ) ) ) ) ) ) -> Enter result
A10: =dim_reference_intervals!A8 -> Creatinine | B10: =dim_reference_intervals!B8 -> mg/dL | D10: =IF(dim_reference_intervals!D8="","",dim_reference_intervals!D8) -> 0.5 | E10: =IF(dim_reference_intervals!E8="","",dim_reference_intervals!E8) -> 1.2 | F10: =IF(C10="","Enter result", IF(NOT(ISNUMBER(C10)),"Check input", IF(C10<0,"Check input", IF(D10="","Check reference", IF(A10="HDL", IF(C10<D10,"Low","Not low"), IF(E10="","Check reference", IF(D10>E10,"Check reference", IF(C10<D10,"Low", IF(C10>E10,"High","Within range") ) ) ) ) ) ) ) ) -> Enter result
A11: =dim_reference_intervals!A9 -> ALT | B11: =dim_reference_intervals!B9 -> U/L | D11: =IF(dim_reference_intervals!D9="","",dim_reference_intervals!D9) -> 7 | E11: =IF(dim_reference_intervals!E9="","",dim_reference_intervals!E9) -> 56 | F11: =IF(C11="","Enter result", IF(NOT(ISNUMBER(C11)),"Check input", IF(C11<0,"Check input", IF(D11="","Check reference", IF(A11="HDL", IF(C11<D11,"Low","Not low"), IF(E11="","Check reference", IF(D11>E11,"Check reference", IF(C11<D11,"Low", IF(C11>E11,"High","Within range") ) ) ) ) ) ) ) ) -> Enter result
A12: =dim_reference_intervals!A10 -> AST | B12: =dim_reference_intervals!B10 -> U/L | D12: =IF(dim_reference_intervals!D10="","",dim_reference_intervals!D10) -> 10 | E12: =IF(dim_reference_intervals!E10="","",dim_reference_intervals!E10) -> 40 | F12: =IF(C12="","Enter result", IF(NOT(ISNUMBER(C12)),"Check input", IF(C12<0,"Check input", IF(D12="","Check reference", IF(A12="HDL", IF(C12<D12,"Low","Not low"), IF(E12="","Check reference", IF(D12>E12,"Check reference", IF(C12<D12,"Low", IF(C12>E12,"High","Within range") ) ) ) ) ) ) ) ) -> Enter result
A13: =dim_reference_intervals!A11 -> Total_Cholesterol | B13: =dim_reference_intervals!B11 -> mg/dL | D13: =IF(dim_reference_intervals!D11="","",dim_reference_intervals!D11) -> 0 | E13: =IF(dim_reference_intervals!E11="","",dim_reference_intervals!E11) -> 200 | F13: =IF(C13="","Enter result", IF(NOT(ISNUMBER(C13)),"Check input", IF(C13<0,"Check input", IF(D13="","Check reference", IF(A13="HDL", IF(C13<D13,"Low","Not low"), IF(E13="","Check reference", IF(D13>E13,"Check reference", IF(C13<D13,"Low", IF(C13>E13,"High","Within range") ) ) ) ) ) ) ) ) -> Enter result
A14: =dim_reference_intervals!A12 -> LDL | B14: =dim_reference_intervals!B12 -> mg/dL | D14: =IF(dim_reference_intervals!D12="","",dim_reference_intervals!D12) -> 0 | E14: =IF(dim_reference_intervals!E12="","",dim_reference_intervals!E12) -> 130 | F14: =IF(C14="","Enter result", IF(NOT(ISNUMBER(C14)),"Check input", IF(C14<0,"Check input", IF(D14="","Check reference", IF(A14="HDL", IF(C14<D14,"Low","Not low"), IF(E14="","Check reference", IF(D14>E14,"Check reference", IF(C14<D14,"Low", IF(C14>E14,"High","Within range") ) ) ) ) ) ) ) ) -> Enter result
A15: =dim_reference_intervals!A13 -> HDL | B15: =dim_reference_intervals!B13 -> mg/dL | D15: =IF(dim_reference_intervals!D13="","",dim_reference_intervals!D13) -> 40 | E15: =IF(dim_reference_intervals!E13="","",dim_reference_intervals!E13) | F15: =IF(C15="","Enter result", IF(NOT(ISNUMBER(C15)),"Check input", IF(C15<0,"Check input", IF(D15="","Check reference", IF(A15="HDL", IF(C15<D15,"Low","Not low"), IF(E15="","Check reference", IF(D15>E15,"Check reference", IF(C15<D15,"Low", IF(C15>E15,"High","Within range") ) ) ) ) ) ) ) ) -> Enter result
A16: =dim_reference_intervals!A14 -> Triglycerides | B16: =dim_reference_intervals!B14 -> mg/dL | D16: =IF(dim_reference_intervals!D14="","",dim_reference_intervals!D14) -> 0 | E16: =IF(dim_reference_intervals!E14="","",dim_reference_intervals!E14) -> 150 | F16: =IF(C16="","Enter result", IF(NOT(ISNUMBER(C16)),"Check input", IF(C16<0,"Check input", IF(D16="","Check reference", IF(A16="HDL", IF(C16<D16,"Low","Not low"), IF(E16="","Check reference", IF(D16>E16,"Check reference", IF(C16<D16,"Low", IF(C16>E16,"High","Within range") ) ) ) ) ) ) ) ) -> Enter result

Sheet dim_reference_intervals
A1: Metric | B1: Unit | C1: Low_Threshold | D1: Normal_Min | E1: Normal_Max | F1: High_Threshold | G1: Description
A2: WBC | B2: 10³/µL | C2: 4 | D2: 4 | E2: 10 | F2: 10 | G2: White blood cells — measures immune system activity
A3: RBC | B3: 10⁶/µL | C3: 3.8 | D3: 3.8 | E3: 5.8 | F3: 5.8 | G3: Red blood cells — carries oxygen through the body
A4: Hemoglobin | B4: g/dL | C4: 11 | D4: 11 | E4: 17.5 | F4: 17.5 | G4: Protein in RBC that binds oxygen — key anemia indicator
A5: Hematocrit | B5: % | C5: 33 | D5: 33 | E5: 52 | F5: 52 | G5: Percentage of blood volume made up of red blood cells
A6: Platelets | B6: 10³/µL | C6: 150 | D6: 150 | E6: 400 | F6: 400 | G6: Cell fragments that help blood clot after injury
A7: Glucose | B7: mg/dL | C7: 70 | D7: 70 | E7: 99 | F7: 99 | G7: Blood sugar level — main screening for diabetes
A8: Creatinine | B8: mg/dL | C8: 0.5 | D8: 0.5 | E8: 1.2 | F8: 1.2 | G8: Waste product filtered by kidneys — indicates kidney function
A9: ALT | B9: U/L | C9: 7 | D9: 7 | E9: 56 | F9: 56 | G9: Liver enzyme — elevated levels suggest liver stress or damage
A10: AST | B10: U/L | C10: 10 | D10: 10 | E10: 40 | F10: 40 | G10: Enzyme found in liver and heart — raised in liver or muscle damage
A11: Total_Cholesterol | B11: mg/dL | C11: 0 | D11: 0 | E11: 200 | F11: 200 | G11: Total fat-like substance in blood — cardiovascular risk marker
A12: LDL | B12: mg/dL | C12: 0 | D12: 0 | E12: 130 | F12: 130 | G12: Bad cholesterol — high levels increase heart disease risk
A13: HDL | B13: mg/dL | C13: 40 | D13: 40 | F13: 40 | G13: Good cholesterol — low levels increase cardiovascular risk
A14: Triglycerides | B14: mg/dL | C14: 0 | D14: 0 | E14: 150 | F14: 150 | G14: Fat in the blood from diet — high levels linked to heart disease

Sheet dim_patients
A1: Patient_ID | B1: First_Name | C1: Last_Name | D1: Age | E1: Gender | F1: City | G1: Address | H1: Postal_Code | I1: Phone | J1: Email | K1: Age_Decade_Start | L1: Age_Decade | M1: Age_Group | N1: LDL_Group
A2: P001 | B2: Anna | C2: Müller | D2: 45 | E2: F | F2: Kassel | G2: Wilhelmshöher Allee 12 | H2: 34117 | I2: 0561-123456 | J2: anna.mueller@email.de | K2: 40 | L2: 40–49 | M2: <50 | N2: Within-range LDL
A3: P002 | B3: Thomas | C3: Becker | D3: 62 | E3: M | F3: Kassel | G3: Fuldaer Straße 88 | H3: 34123 | I3: 0561-234567 | J3: t.becker@web.de | K3: 60 | L3: 60–69 | M3: 50+ | N3: High LDL
A4: P003 | B4: Sara | C4: Klein | D4: 29 | E4: F | F4: Baunatal | G4: Hauptstraße 5 | H4: 34225 | I4: 0561-345678 | J4: sara.klein@gmail.com | K4: 20 | L4: 20–29 | M4: <50 | N4: Within-range LDL
A5: P004 | B5: Markus | C5: Wolf | D5: 51 | E5: M | F5: Kassel | G5: Holländische Straße 200 | H5: 34127 | I5: 0561-456789 | J5: m.wolf@email.de | K5: 50 | L5: 50–59 | M5: 50+ | N5: Within-range LDL
A6: P005 | B6: Laura | C6: Schmidt | D6: 38 | E6: F | F6: Kassel | G6: Querallee 3 | H6: 34119 | I6: 0561-567890 | J6: l.schmidt@web.de | K6: 30 | L6: 30–39 | M6: <50 | N6: Within-range LDL
A7: P006 | B7: Hans | C7: Zimmermann | D7: 70 | E7: M | F7: Hessisch Lichtenau | G7: Marktplatz 1 | H7: 37235 | I7: 05602-12345 | J7: h.zimm@email.de | K7: 70 | L7: 70–79 | M7: 50+ | N7: High LDL
A8: P007 | B8: Julia | C8: Fischer | D8: 33 | E8: F | F8: Kassel | G8: Friedrich-Ebert-Straße 44 | H8: 34117 | I8: 0561-678901 | J8: julia.f@gmail.com | K8: 30 | L8: 30–39 | M8: <50 | N8: Within-range LDL
A9: P008 | B9: Peter | C9: Lange | D9: 58 | E9: M | F9: Niestetal | G9: Am Berg 7 | H9: 34266 | I9: 0561-789012 | J9: p.lange@web.de | K9: 50 | L9: 50–59 | M9: 50+ | N9: High LDL
A10: P009 | B10: Maria | C10: Schulz | D10: 47 | E10: F | F10: Kassel | G10: Goethestraße 21 | H10: 34119 | I10: 0561-890123 | J10: m.schulz@email.de | K10: 40 | L10: 40–49 | M10: <50 | N10: Within-range LDL
A11: P010 | B11: Klaus | C11: Wagner | D11: 65 | E11: M | F11: Fuldabrück | G11: Dorfstraße 14 | H11: 34277 | I11: 0561-901234 | J11: k.wagner@web.de | K11: 60 | L11: 60–69 | M11: 50+ | N11: High LDL
A12: P011 | B12: Nina | C12: Braun | D12: 25 | E12: F | F12: Kassel | G12: Druseltalstraße 8 | H12: 34131 | I12: 0561-112233 | J12: nina.braun@gmail.com | K12: 20 | L12: 20–29 | M12: <50 | N12: Within-range LDL
A13: P012 | B13: Stefan | C13: Meyer | D13: 44 | E13: M | F13: Lohfelden | G13: Kirchweg 3 | H13: 34253 | I13: 0561-223344 | J13: s.meyer@email.de | K13: 40 | L13: 40–49 | M13: <50 | N13: High LDL
... A29: P028 | B29: Helmut | C29: Schäfer | D29: 63 | E29: M | F29: Kassel | G29: Bremer Straße 45 | H29: 34134 | I29: 0561-556678 | J29: h.schaefer@email.de | K29: 60 | L29: 60–69 | M29: 50+ | N29: High LDL

Sheet Cholesterol
B3: Column Labels
B4: High LDL | F4: Within-range LDL | J4: Total High LDL Patients | K4: Total High LDL Percentage | L4: Total Patients with Low HDL | M4: Total Low HDL Percentage
A5: Row Labels | B5: High LDL Patients | C5: High LDL Percentage | D5: Patients with Low HDL | E5: Low HDL Percentage | F5: High LDL Patients | G5: High LDL Percentage | H5: Patients with Low HDL | I5: Low HDL Percentage
A6: F
A7: <50 | F7: 0 | G7: 0 | H7: 0 | I7: 0 | J7: 0 | K7: 0 | L7: 0 | M7: 0
A8: 50+ | B8: 4 | C8: 1 | D8: 3 | E8: 0.75 | F8: 0 | G8: 0 | H8: 0 | I8: 0 | J8: 4 | K8: 0.8 | L8: 3 | M8: 0.6
A9: M
A10: <50 | B10: 1 | C10: 1 | D10: 0 | E10: 0 | F10: 0 | G10: 0 | H10: 0 | I10: 0 | J10: 1 | K10: 0.2 | L10: 0 | M10: 0
A11: 50+ | B11: 7 | C11: 1 | D11: 4 | E11: 0.57142857 | F11: 0 | G11: 0 | H11: 0 | I11: 0 | J11: 7 | K11: 0.77777778 | L11: 4 | M11: 0.44444444
A12: Grand Total | B12: 12 | C12: 1 | D12: 7 | E12: 0.58333333 | F12: 0 | G12: 0 | H12: 0 | I12: 0 | J12: 12 | K12: 0.42857143 | L12: 7 | M12: 0.25
